BagTagId,AirlineCarrierCode,BagFlightNumber,PassengerRecordLocator,FirstName,LastName,BagOriginLocalDate,BagOriginStnCode,BagDestStnCode
1551406057,OK,343,UDVB03,Kiera,Bashirian,2016-01-14,GIG,MXP
3307707733,KQ,313,BIAC70,Forest,Schoen,2016-08-23,MXP,DEL
9414219427,KQ,777,NYOX15,Dorthey,Crist,2016-04-17,HNL,BOM
2503562749,UX,EM2,BEOP95,Julius,Carter,2016-06-30,SFO,BOM
0593715007,MU,739,PITM56,Dante,Koepp,2015-09-15,MXP,HNL
5275873412,OK,F50,UXLG95,Ramiro,Dicki,2016-07-05,PEK,DXB
2045930210,RO,73W,CLXK48,Shaquana,Dicki,2016-03-18,SFO,PEK
3116815177,AZ,346,UDVS14,Alejandro,Mraz,2016-01-14,DXB,MUC
7236092276,ME,E70,XAJP08,Carli,Schaefer,2016-08-28,HNL,PEK
2467193181,SU,100,PDYC71,Cole,Kohler,2016-07-07,DXB,HNL
1414094146,MU,F50,YIBR76,Jeannette,Hansen,2016-03-09,GIG,MUC
7725411425,VN,343,JERQ22,Jamey,Wisozk,2016-03-05,DEL,HNL
7458775796,GA,AT5,KJAW85,Dion,Senger,2016-01-17,MUC,GIG
2104789288,AM,753,JIDH72,Valentine,Zboncak,2016-01-20,MUC,GIG
5869644174,UX,M11,NADU98,Rodrigo,Ruecker,2016-06-21,SEA,SFO
0064660790,DL,M11,GDKQ97,Mitzie,Metz,2016-07-09,HNL,SEA
9405185405,SU,E90,PYXI75,Morton,Hills,2015-11-23,GIG,DXB
7423300065,DL,77W,SXBY84,Teodoro,Kuhn,2016-04-22,HNL,GIG
3306123822,OK,EQV,AKWI90,Kurt,Jacobson,2016-09-01,DXB,PEK
3588809078,DL,777,EBYR98,Cheree,Greenholt,2016-06-27,MUC,SEA
5148700292,SU,F50,YJMR45,Jospeh,Lockman,2016-06-16,PEK,GIG
8831469598,UX,100,WMCA62,Sabina,Hilpert,2016-05-30,HNL,MUC
7837269011,AM,747,CADE60,Leopoldo,Walsh,2015-11-09,MXP,BOM
4368610011,CZ,753,MGIF54,Bethann,Mitchell,2016-08-24,MXP,SFO
4819074916,OK,F50,MBQG26,Vince,West,2016-07-22,GIG,DEL
3243651493,CZ,735,CKLZ38,Kristle,Hills,2016-01-05,DXB,BOM
9916565040,KE,74M,YITX16,Darius,Carroll,2016-03-27,MUC,HNL
6951476051,CZ,M90,KRWG83,Marlin,Dibbert,2016-09-21,HNL,SFO
8900179801,VN,SF3,RVKZ09,Christian,Breitenberg,2015-10-15,GIG,SEA
1201061679,KE,735,THBP26,Armand,Stamm,2015-11-21,MUC,PEK
5476868371,AZ,AT5,HGLS47,Sanford,Walker,2015-12-29,SFO,GIG
2798477156,AM,CRK,POWU38,Kory,Schuppe,2016-03-21,DXB,PEK
4878256847,CZ,321,LKDI74,Chi,Thompson,2015-11-03,GIG,GIG
7361805291,UX,CR9,QOHX72,Latonia,Reilly,2016-06-08,MXP,SFO
8432544087,KL,313,RFIS46,Jackie,Brakus,2016-01-14,MUC,PEK
7838809804,UX,M90,BKYV12,Arthur,Turcotte,2016-07-14,MXP,MXP
7621902991,KE,CR9,ZAXM48,Antone,Gerlach,2016-01-09,HNL,SFO
4555785825,CZ,E70,YMUW99,Kaylee,Altenwerth,2015-11-26,PEK,GIG
6282608683,GA,F50,FHMO15,Bridgett,Gleichner,2015-10-25,SFO,HNL
9402311617,UX,343,ZQDA54,Loma,Douglas,2016-01-29,BOM,MUC
7710666897,AF,733,CJET73,Katy,Huel,2016-03-02,HNL,MUC
6265311674,KL,767,XYWM80,Herb,Mitchell,2016-01-22,HNL,SFO
5975573220,UX,737,PQEU85,Delmy,Johnston,2016-01-22,MXP,SEA
5848347072,KL,75W,JGCI81,Burton,Dibbert,2016-03-16,HNL,SFO
3811350474,UX,AT5,HIMV80,Tad,Goodwin,2015-10-15,MUC,SEA
6196475706,KL,E70,FMEJ23,Stefan,Blanda,2015-11-19,BOM,MUC
3468888140,UX,330,TYIF81,Shanna,Sipes,2016-09-17,SEA,SFO
0044309835,SU,SF3,NFZQ48,Pasty,Haley,2016-07-16,SEA,MUC
3583264047,AM,E70,WLRU07,Myron,Senger,2015-11-05,MUC,MUC
8527608902,ME,EM2,SXOY48,Kandra,Stark,2016-07-30,HNL,MXP
0439152648,AZ,333,IQRO38,Lenita,O'Conner,2016-07-27,DEL,SEA
8147599723,CI,735,RXKZ35,Brice,O'Reilly,2016-08-02,SEA,DXB
3979274800,ME,M90,NCOD77,Tina,Kunde,2015-11-04,DXB,PEK
9426356654,KE,772,JGIL84,Berry,Hane,2016-02-18,DEL,GIG
1140179100,CZ,772,WOTR95,Aldo,Padberg,2016-07-21,DXB,DXB
8626943349,UX,73G,KLMP11,Kristopher,Aufderhar,2016-01-12,BOM,MXP
7708152266,UX,CRK,PLBE03,Freddy,Reinger,2015-12-01,HNL,MUC
3731684739,AZ,735,FGKY26,Eloy,Rau,2016-02-29,MXP,PEK
2042076055,UX,73J,NCMV34,Kiyoko,Davis,2016-03-22,SFO,MXP
8483173765,RO,747,PNGK58,Lakendra,Gerlach,2016-02-11,MXP,DEL
2990248784,AF,388,TJKN98,Camellia,Brekke,2016-03-07,DXB,MUC
7773679382,DL,75W,JFXE30,Tamisha,Nitzsche,2016-03-26,MUC,PEK
0604051290,KE,753,LTGH34,Lennie,Reynolds,2016-07-05,DEL,SFO
8244606379,AZ,346,JHSK66,Duane,Orn,2015-10-04,GIG,DXB
3724958399,AZ,M11,REFU24,Trang,Nolan,2015-12-18,GIG,HNL
9224029940,AF,73J,DPHK06,Titus,Schimmel,2016-03-30,DEL,MUC
2893308900,DL,EQV,XPSM19,Christen,O'Hara,2015-12-10,GIG,SFO
0202722220,CI,100,XWKE62,Moses,Von,2016-07-06,HNL,SFO
5112274773,AZ,M90,PFVI86,Sid,Hessel,2016-05-06,DXB,SFO
8440559597,ME,313,GYLV26,Lavinia,Carter,2016-03-10,SFO,GIG
4740024671,ME,313,ANLK60,Daniel,Russel,2016-05-09,PEK,SEA
3081133865,AM,772,IWHD65,Laurie,Ondricka,2016-07-25,GIG,BOM
6869593664,RO,CRK,TEHF82,Naoma,Hoeger,2016-07-01,DEL,HNL
4969465828,AF,M11,HZSV97,Felipa,Heller,2016-06-10,DXB,SFO
0859327156,OK,772,ETCY60,Lolita,Purdy,2016-05-11,MXP,PEK
3203516875,OK,346,OCWA54,Walter,Predovic,2015-10-05,HNL,DXB
3364972375,AF,100,PRQH83,Virgil,Bartell,2016-02-04,BOM,BOM
4892441271,CI,CR9,LJXT56,Eugene,Crona,2015-12-02,MXP,MUC
5063212460,UX,EM2,CKUH61,Ariel,McClure,2016-02-13,GIG,BOM
6542369880,KE,CR9,THLB37,Stephnie,Reichel,2016-06-16,MUC,MXP
6413958884,KE,M11,DXRC50,Lecia,Pfeffer,2016-09-04,MXP,HNL
5308572369,CI,SF3,JNZA43,Scottie,Eichmann,2016-07-19,BOM,DEL
2307664766,KE,321,DFZA73,Keneth,Witting,2016-04-18,PEK,SFO
6233625683,AZ,73G,UZQO83,Ward,Terry,2016-07-27,PEK,DXB
2927401096,SU,ER4,PGCI41,Man,Rau,2015-12-12,DEL,DXB
3331077976,AM,E70,OZTF03,Sarina,Pagac,2016-09-03,PEK,HNL
7123871691,AZ,73J,VZLU67,Enoch,Schneider,2015-12-13,DEL,MXP
3374734696,SU,E70,CFYK00,Mariano,Kozey,2016-05-21,GIG,SEA
1206197914,KQ,77W,TMGU23,Vaughn,Ryan,2015-10-16,PEK,MUC
1713468815,KQ,788,EFNK42,Timothy,Braun,2015-10-14,HNL,MXP
5270432804,AZ,313,MRSZ40,Eliseo,Bauch,2016-09-16,DXB,GIG
5056389722,AM,767,AZBF08,Russel,Moore,2015-11-21,DEL,GIG
2935410383,AZ,M11,VNDE45,Shannon,Reinger,2016-01-18,MUC,DXB
3313509126,CZ,753,JTSQ20,Wilfred,Harber,2016-05-30,HNL,BOM
3108408581,VN,733,ERLX04,Lauryn,Yost,2016-01-15,MXP,SFO
3703980359,KE,767,KMQC80,Janeth,Ratke,2016-04-13,DEL,BOM
6840030048,DL,319,LAXJ25,Bradford,Padberg,2016-09-26,PEK,MUC
7428425668,KE,747,EKDG73,Wilton,Rippin,2016-08-18,MXP,MUC
3528235927,KE,73G,MVCD35,Noble,Buckridge,2016-04-05,SEA,HNL
6246943884,RO,M90,CTND69,Lyman,Waelchi,2016-04-13,DXB,HNL
6986075209,DL,330,MATG80,Marquis,Gislason,2016-01-25,HNL,SFO
0549579865,OK,747,RJXO77,Joan,Paucek,2015-09-28,PEK,SEA
4792502550,DL,F50,QSAB76,Antione,Cummings,2016-01-25,SEA,DEL
7729630759,RO,747,NJOT20,Giovanni,Tromp,2016-03-06,DXB,DXB
8968083046,OK,772,KJIC98,Micheal,O'Keefe,2016-03-08,MUC,SEA
7641984657,AM,747,CQUI76,Vicente,Waelchi,2015-10-18,GIG,DEL
4726349550,GA,EQV,RHQF10,Cherish,DuBuque,2016-05-02,MXP,SFO
6828240439,KQ,330,LAYO18,Ema,Carter,2016-04-07,MUC,MUC
3933855134,KL,75W,WFIA17,Jonah,Gutmann,2016-02-18,HNL,SEA
7293858925,OK,74M,LIPM70,Yen,Hammes,2016-01-04,BOM,PEK
4508772385,KE,CR2,YVQP52,Mose,Kunze,2015-10-31,MUC,GIG
0013770027,AF,75W,ZRLU78,Tianna,Funk,2015-10-23,SEA,GIG
4231918655,RO,ER4,PEAZ08,Pablo,Hettinger,2016-08-16,MUC,MXP
2005193490,KE,ATR,UIEW45,Jarod,Hansen,2015-10-26,SEA,MXP
0839446214,KE,E70,CXLZ31,Kathy,Schneider,2016-02-16,SFO,HNL
0939941633,OK,F50,YTSA00,Elmer,Ortiz,2016-08-06,MUC,SFO
4793649497,GA,CR2,DVJH64,Fredrick,Bailey,2015-09-16,GIG,SEA
5612524705,UX,767,RYLP61,Kelsi,King,2015-10-25,MUC,MXP
4115565449,SU,788,APQS59,Tracie,Kautzer,2016-06-21,MUC,SEA
9112851723,UX,ATR,KOSV35,Jeramy,Crist,2016-08-30,SEA,DXB
0878060678,GA,321,XKZU87,Lahoma,Spencer,2016-01-12,DXB,MUC
8892306986,KQ,767,MAWL83,Hector,Friesen,2016-01-17,MUC,PEK
5760113967,SU,313,DWPC33,Terrence,Nader,2016-06-10,DEL,BOM
3066811381,KQ,ER4,OFDZ71,Marine,Keebler,2016-03-27,PEK,GIG
8555103899,UX,319,LIPQ46,Irena,Watsica,2016-08-05,SEA,HNL
9463080162,DL,74M,GXEK95,Malcolm,Renner,2016-06-18,SFO,MXP
0870638887,DL,772,LYOU12,Riva,Fadel,2015-10-07,MUC,DEL
1435266163,KQ,EM2,WGTV33,Min,Zieme,2016-03-04,GIG,HNL
5489210770,CI,763,HKGR01,Jasmin,Corwin,2016-07-05,DEL,BOM
1734581019,OK,747,ZHXU07,Clemente,Padberg,2016-07-13,SFO,SFO
4708403396,SU,M90,XDNE48,Wally,Mraz,2016-01-25,MUC,GIG
4473149115,GA,M11,LPTO36,Ramona,White,2016-05-23,SEA,MXP
5226261389,KL,772,WVIY42,Galen,Kunze,2016-05-22,HNL,HNL
2052982065,ME,333,DTVU33,Lauralee,Goyette,2016-04-07,SFO,PEK
0225683198,KE,313,TBUK14,Walter,Denesik,2016-06-11,PEK,SEA
7232600272,VN,E90,DIUQ43,Nelson,Stiedemann,2015-12-11,SFO,GIG
1643479625,DL,388,IPLQ27,Tod,Braun,2016-08-06,SFO,SFO
1629012740,CI,M11,WGCF05,Ira,Cassin,2016-03-27,DXB,SFO
8300241630,OK,100,YOZC71,Barbar,Bartoletti,2016-07-17,HNL,SEA
3873114143,UX,767,YIHM55,Gale,Goodwin,2015-10-25,BOM,SEA
5442733711,OK,735,DUMI44,Berta,Steuber,2016-09-07,SEA,BOM
1447155800,AZ,763,CPBO77,Crysta,Brekke,2016-07-08,HNL,HNL
7967225909,AM,788,KFBJ09,Norman,Goyette,2016-04-22,DEL,GIG
7442019295,AZ,SF3,ERDK44,Terrence,Schinner,2015-10-26,BOM,BOM
3860535943,GA,321,TZXF43,Tanya,Corwin,2016-02-23,MXP,SFO
5643358110,DL,788,WSEX03,Charlie,Dickens,2015-10-06,DEL,MXP
9311534809,CZ,E70,ASIG49,Bulah,Hauck,2016-01-18,MXP,HNL
1801713741,AF,346,CZXU46,Roselee,Auer,2016-03-28,SFO,PEK
4345516168,AF,319,YIME88,Laveta,Zieme,2016-06-16,SFO,BOM
8244890409,AM,100,CRPL18,Agustin,Howe,2016-01-27,HNL,PEK
2786785283,ME,747,CDBE75,Benito,Schuster,2016-09-10,DXB,MXP
9509857022,KL,77W,SZCN27,Derrick,Wiza,2016-07-22,DEL,MXP
9462023678,ME,73W,SRQP19,Emmitt,Streich,2016-06-08,HNL,DXB
2787251855,CZ,313,GCKR76,Julio,Waelchi,2016-01-10,SFO,DXB
2094302315,SU,733,MQJF44,Hermila,Langworth,2016-07-10,MXP,PEK
7530426945,KL,ER4,LCUF33,Rebbecca,Kris,2015-09-21,SFO,MUC
2654280642,KQ,CRK,ZKXS45,Pearlie,Gulgowski,2016-09-14,HNL,GIG
9748116030,ME,CR9,MOBJ38,Marquis,Brakus,2016-04-04,HNL,PEK
7721491666,CI,M11,ITRP15,Carita,Halvorson,2016-03-21,MXP,GIG
6474236827,AZ,772,JOAR40,Lanny,Hayes,2016-04-10,DXB,DXB
4866561456,AM,330,BGWV05,Stevie,Cummerata,2016-02-19,BOM,HNL
6804589582,CZ,AB6,VAWF38,Bernie,Luettgen,2016-09-17,GIG,SFO
8640118500,MU,777,VRXS46,Gregg,Schuppe,2016-09-08,PEK,GIG
9900389718,SU,772,SWXK63,Marissa,Schumm,2016-08-09,DEL,SEA
1408411706,CZ,346,HVOF69,Malik,Smith,2016-04-13,MXP,BOM
2800264918,GA,74M,UXNH81,Jamison,Marvin,2016-06-08,MUC,HNL
9082705474,VN,M11,SGAC82,Carlotta,Raynor,2016-03-31,DEL,GIG
1200474983,AZ,753,KGLT34,Rusty,Bailey,2016-02-16,HNL,PEK
6849080785,RO,747,YIFW69,Ben,Kirlin,2015-12-29,HNL,PEK
9392714535,KE,73G,TDAG66,Bettye,Bayer,2015-11-21,PEK,SEA
7820362163,RO,73J,BYTP84,Karleen,White,2016-08-30,SEA,GIG
0443104554,MU,739,HIOE07,Charlotte,Dach,2015-09-12,MUC,MUC
2320757618,DL,735,ONDL45,Terry,Stehr,2016-01-21,HNL,GIG
8416556927,SU,763,FZYJ23,Joshua,Rempel,2015-09-28,MXP,MXP
4393429982,AZ,73J,BESM34,Gale,Altenwerth,2016-02-23,SFO,DXB
4663932025,CZ,75W,XKEW61,Patsy,O'Keefe,2016-07-23,SEA,PEK
6106736218,ME,346,BDFL98,Rod,Littel,2016-07-07,SFO,SFO
4323716796,ME,737,IDGR30,Ulysses,Ankunding,2016-07-10,GIG,GIG
0168040652,CZ,E90,OXKN91,Leroy,Zboncak,2015-11-27,HNL,MUC
0275201352,ME,346,LGKV59,Hipolito,Swift,2016-09-07,SEA,DXB
3574809428,AF,73J,YFJV22,Dora,Macejkovic,2016-02-29,SFO,DXB
2508316858,DL,73G,EBQU17,Jeffry,Tromp,2015-10-17,DEL,MUC
1690439552,CZ,747,QVKY54,Eusebio,Wisozk,2015-12-09,HNL,SFO
1423901494,VN,313,YNQS65,Salina,Bruen,2016-04-09,MUC,DEL
2962695703,AM,100,POGI12,Fausto,Huels,2015-09-20,MXP,DXB
2048939225,VN,73W,NSHZ67,Wei,Dare,2016-05-27,BOM,DXB
5234181748,GA,343,IJSQ31,Elias,Reichel,2015-10-22,GIG,MUC
1467278824,AF,CR9,OZTB84,Gregg,Goyette,2015-12-20,SEA,GIG
6243702834,DL,M11,JOSU69,Dusti,Schultz,2016-02-27,MUC,SFO
1708301912,CI,CR2,WXVI71,Alishia,Littel,2015-11-02,PEK,PEK
6310921863,DL,733,KVUE57,Rachael,Prosacco,2015-12-23,SFO,BOM
5762102268,SU,737,VHEQ69,Bettie,Bayer,2016-02-16,BOM,SEA
4010525866,MU,ATR,HSUF08,Mabelle,Carter,2016-06-28,HNL,SEA
2728739519,DL,733,RANV15,Marnie,Johnson,2016-08-14,BOM,PEK
5893659114,KQ,M90,BONQ85,Louann,Veum,2016-02-02,SEA,DXB
6106104008,KQ,CRK,JKDP66,Leanne,Reynolds,2016-02-11,HNL,SEA
6404259206,DL,763,URTQ15,Scottie,Bernier,2016-01-03,GIG,GIG
7428129133,KQ,CR2,URNV98,Margert,Hauck,2015-09-21,BOM,SEA
5846409136,KE,AB6,BQZT22,Suzie,Considine,2016-06-28,HNL,PEK
0590255572,MU,F50,PWGK46,Michaela,Bernhard,2016-01-24,MUC,BOM
2450771659,KL,M90,YEDL93,Vania,Buckridge,2016-08-17,BOM,MUC
3824437977,CI,73G,VRHT51,Marisha,Bechtelar,2016-05-30,MUC,MUC
1165915742,CI,388,CHAY55,Gavin,Beahan,2015-09-21,HNL,GIG
4209969772,KE,788,KCPQ79,Ira,Kirlin,2016-04-26,SEA,MXP
7081289698,VN,75W,WPON85,Shirley,Rempel,2016-01-05,PEK,GIG
2410096306,VN,AT5,EYHL36,Su,Bergstrom,2016-07-10,SFO,DEL
1157266117,RO,CRK,KYGD73,Vincent,Hansen,2016-07-18,MXP,DEL
2293103634,ME,75W,LGAD25,Jerome,Kiehn,2016-04-06,DXB,SEA
4204579514,UX,EM2,RJCZ37,Fermin,Luettgen,2015-10-19,DEL,MUC
7079053419,KL,CR2,DNLF67,Corrina,Koepp,2016-04-08,MXP,HNL
5196824023,RO,346,OBNM58,Maynard,Heller,2015-10-24,MUC,MXP
5049823809,CI,313,KYVT20,Myrtice,Heaney,2016-03-27,BOM,DXB
1751985686,AZ,CR9,CPKI09,Titus,Schuppe,2016-01-04,GIG,BOM
2855019681,VN,ATR,PAFW78,Micah,Turner,2016-09-24,GIG,PEK
4600830553,DL,74M,AURP34,Angel,Hickle,2015-12-12,SEA,SFO
1638081324,AF,EM2,CGDR38,Raisa,Koss,2016-02-16,GIG,GIG
5137433392,MU,73J,LBKM78,Reyes,Yost,2016-08-10,BOM,GIG
7104556737,AZ,E70,LZJV29,Loyd,Ruecker,2016-07-08,MUC,DEL
7615488008,AF,788,LGXH13,Alex,Sanford,2016-02-03,DXB,BOM
9754205802,DL,EQV,CFVG71,Moshe,Von,2016-02-15,SFO,BOM
2736946171,AZ,763,PLZK92,Eduardo,Schultz,2016-03-22,GIG,HNL
6764991203,KE,100,HRQW18,Toney,Heller,2015-09-22,MUC,SEA
1888819673,DL,388,NWRC14,Jody,Ryan,2016-03-10,HNL,DXB
7471597164,DL,777,XTBJ55,Miriam,Lueilwitz,2016-03-17,MUC,BOM
9920119515,OK,330,OERS23,Gwenn,Gerhold,2016-04-16,SFO,HNL
8410126012,CI,73W,GAIM82,Britney,Homenick,2015-10-04,DXB,GIG
0407228718,AF,772,ZEDL50,Reinaldo,Tromp,2016-06-20,BOM,MXP
7420683277,KQ,772,CWUO97,Lasandra,Beahan,2015-11-15,DXB,GIG
2293938956,ME,M90,PZLA28,Marquerite,Olson,2015-10-19,MXP,SFO
5382989447,CZ,319,QBYP59,Clement,Beahan,2016-07-01,PEK,DEL
4543815777,KQ,319,ZXSU61,Dinorah,Greenfelder,2015-10-14,MXP,SEA
3773695145,GA,E70,GCIP18,Marlin,Smitham,2015-09-29,SEA,HNL
3180688887,OK,313,GIXW06,Chanelle,Gusikowski,2016-03-13,DXB,DEL
8654535818,RO,M11,GREQ74,Grisel,McLaughlin,2016-08-04,DEL,DEL
1834961719,RO,AT5,JVYG78,Vernia,Hilpert,2016-01-18,GIG,BOM
4571308370,ME,AT5,UXIT08,Wilfredo,Bayer,2016-06-08,DXB,DXB
6065690011,AM,EQV,VQJY48,Jacques,Roob,2016-04-03,HNL,SEA
0120220947,RO,SF3,PKAD55,Helene,Ebert,2015-10-10,SFO,MXP
0372839114,ME,CR2,STRL44,Lai,Prosacco,2016-07-09,GIG,GIG
1359077486,GA,CRK,REXO55,Nick,Wiegand,2016-08-07,MUC,SFO
9317230241,GA,SF3,EAWQ41,Classie,Wunsch,2015-10-03,PEK,MXP
3361514763,AM,EQV,XYTP21,Burl,Daniel,2016-04-18,MXP,MUC
2927521829,CZ,F50,BOHS77,Wesley,Kihn,2016-01-19,MUC,MUC
7600808243,ME,77W,TEXN21,Russel,Wolff,2016-01-28,SEA,HNL
0133709250,AF,100,XPZI84,Krystina,Daniel,2016-01-25,SFO,DXB
2667270503,CZ,CRK,VXPB90,Anderson,Kerluke,2016-05-10,DEL,DEL
2718188687,DL,SF3,JCIZ62,Lavon,Grady,2016-05-05,DEL,PEK
7001778913,AM,75W,VFWU03,Kristian,Rosenbaum,2016-08-01,MXP,MUC
9243008078,KQ,M11,YJOZ52,Gerry,Pfannerstill,2016-09-26,SEA,BOM
1434557730,GA,75W,TKLO48,Humberto,Hauck,2016-09-05,DEL,MUC
1933005504,OK,73W,LQFU81,Ann,Walker,2015-12-13,MXP,GIG
9827274425,AF,73W,VMHG59,Dona,Beatty,2015-10-16,MUC,DXB
5432000869,SU,ATR,YWSR52,Bernice,Bernhard,2016-05-24,SEA,MXP
5282624278,SU,M90,XAQB25,Horace,Bergnaum,2016-04-06,DXB,PEK
7335641959,SU,E70,OGXZ67,Rosendo,Crooks,2016-04-19,GIG,MUC
9597679167,AZ,788,LHVN92,Modesta,Hansen,2015-10-10,DXB,SFO
5166293719,AM,763,LOHJ98,Roosevelt,Graham,2016-03-18,GIG,MUC
7398949003,KE,753,ZWJC22,Refugio,Lynch,2016-06-05,SFO,SEA
1525424382,UX,M11,OCRF78,Charmain,Rosenbaum,2016-07-25,DXB,PEK
3914858217,KE,73G,YUSG06,Zita,Davis,2016-05-24,DXB,BOM
3303458773,KL,733,DOHT49,Sol,Greenholt,2016-09-16,DEL,MUC
1578777882,GA,319,LPVO23,Kristel,Sipes,2016-04-07,HNL,SFO
5011251063,RO,763,EJBK05,Antonio,Blick,2016-08-24,MUC,DEL
3741143694,KL,753,SZIM15,Frances,Davis,2016-01-31,SEA,MXP
1860701988,KE,77W,GRVY35,Louis,Moen,2016-05-14,DXB,HNL
8304657720,ME,73W,ZGEW47,Bob,Cole,2015-10-31,PEK,HNL
8911607102,AM,388,AVRN67,Arnold,Lakin,2016-07-26,MXP,DEL
2009583614,GA,F50,HGZM67,Adalberto,Reilly,2016-02-07,BOM,GIG
5745263039,MU,739,OGPE44,Jon,Aufderhar,2016-05-17,PEK,SFO
1090204577,MU,74M,ZTVB52,Trey,Smitham,2016-01-28,SEA,HNL
7266836792,GA,343,VSZH54,Kent,Dietrich,2016-06-09,BOM,DXB
0785548642,AF,100,NDGT65,Annie,Bradtke,2016-07-28,DXB,HNL
3549230307,ME,343,DMVB69,Alva,Ullrich,2016-07-07,SEA,SEA
1200151936,KQ,753,OCDF34,Machelle,Halvorson,2016-08-26,BOM,PEK
3955564010,SU,CRK,QVZW62,Kenny,Moore,2016-02-13,PEK,BOM
8080519838,OK,319,CVKZ92,Jim,Wehner,2016-06-12,GIG,GIG
6050317061,CI,747,KLCQ81,Robyn,O'Reilly,2016-07-21,GIG,HNL
4353056218,UX,733,YFPR08,Simon,Haag,2016-04-07,SEA,BOM
0741145211,ME,346,AVJI22,Honey,Farrell,2015-12-28,GIG,SFO
6744024121,MU,343,GCJI31,Belle,Koss,2016-05-10,SFO,GIG
1694831003,RO,SF3,HXWJ29,Donna,Kiehn,2016-01-15,SEA,MXP
2358401365,RO,AB6,ZLBE60,Nana,Turcotte,2016-05-18,DXB,SFO
7687508090,AF,737,DKJG21,Lynwood,Tromp,2016-07-16,SEA,SFO
4438742763,MU,333,RTFA87,Krysten,Prohaska,2016-08-16,GIG,HNL
3968758518,ME,F50,QSHB53,Gavin,Keebler,2016-05-26,BOM,DXB
2358176094,UX,CR2,VQAI52,Dick,Steuber,2016-02-07,MUC,DEL
3449262600,VN,73G,QCAF45,Sara,Botsford,2016-06-29,BOM,GIG
5116343061,CI,733,KZSI77,Christina,Okuneva,2015-11-15,MUC,GIG
8975128184,KQ,747,IGNH51,Helena,Huels,2016-05-16,BOM,PEK
6626561813,KL,73W,YMVH00,Cindi,Funk,2015-10-05,PEK,MXP
8508164187,CI,CR9,ODZN32,Olympia,Lubowitz,2016-01-07,BOM,PEK
2862118255,SU,388,QLVN48,Earline,Haley,2016-03-07,GIG,DXB
5751302625,CZ,EQV,VMJF03,Becky,Windler,2016-01-18,PEK,GIG
5244794181,SU,73W,GQPB52,Garry,Treutel,2016-03-16,DEL,MUC
8602265323,KL,75W,NZYC26,Jamaal,Johnston,2016-03-06,HNL,PEK
0773699725,CI,739,HQCM41,Tobias,Kautzer,2016-06-17,GIG,HNL
1407228627,AZ,73G,KPHI99,Logan,Herzog,2015-10-24,PEK,DXB
9895423498,CI,763,BDSH46,Sherryl,King,2016-09-23,SEA,HNL
7753381713,AM,100,GIZU81,Shamika,Tromp,2016-04-19,DEL,HNL
4808091949,AZ,319,PDIU55,Gregory,Sawayn,2015-12-09,DXB,MXP
5049442122,RO,73J,BJLX48,Goldie,Christiansen,2015-09-16,GIG,BOM
9687942612,KQ,330,CANI23,Danielle,Stokes,2016-02-10,SEA,SFO
2562688155,AF,E70,JKCM56,Lida,Gusikowski,2016-07-30,DXB,HNL
1150672773,AZ,73W,CIBL63,Lettie,Morissette,2016-07-13,MXP,HNL
5835273126,OK,ATR,TKFP34,Carletta,D'Amore,2015-12-22,GIG,SEA
1945421951,CI,788,OUHN33,Vincenzo,Connelly,2016-03-29,MXP,SFO
4751984213,ME,73W,HZDV30,Tamisha,Wiegand,2016-08-26,PEK,SFO
7726984411,AM,737,UVQT27,Dorothy,Renner,2016-05-10,HNL,MXP
6044725618,AM,M90,AZLT04,Joycelyn,DuBuque,2016-04-04,MUC,SFO
2322261046,AM,343,KBGI61,Lura,Larkin,2016-08-03,MXP,MXP
1159679673,OK,100,RTXH94,Elroy,Langosh,2016-06-07,MUC,DEL
3925673259,DL,343,SMWZ28,Reyes,Donnelly,2016-06-08,MUC,BOM
6301214543,ME,388,LRZE20,Alec,Schneider,2015-12-24,DEL,SFO
7811480486,AF,772,DUQE98,Ronald,Reichel,2016-04-15,MUC,PEK
3708301695,OK,F50,PJTK08,Porter,Gerhold,2016-04-04,SEA,PEK
8347341360,MU,100,CYPD07,Ching,Adams,2015-10-20,GIG,SEA
0999250300,VN,ER4,HDIV50,Zaida,Howe,2016-06-03,MUC,DXB
5600127052,VN,321,CXNO19,Sherilyn,Altenwerth,2016-09-11,PEK,HNL
7376928453,AF,M90,YZRH05,Karoline,Trantow,2016-01-05,BOM,HNL
4309676175,KL,CR2,OAGH46,Bambi,Brown,2015-11-09,DXB,MXP
6966593203,KL,F50,HFPZ66,Cathryn,Murray,2016-03-22,SFO,GIG
1032035060,OK,CRK,VBDK42,Laverne,Sauer,2016-09-03,DEL,SEA
6330502996,GA,73W,QYRO37,Gerardo,Deckow,2016-09-19,SEA,SEA
6441711302,OK,346,AJXG29,Dewey,Heaney,2016-04-16,MUC,PEK
8623253526,KL,ER4,HSDG76,Marlana,Gutmann,2016-02-10,DXB,MUC
6922647885,VN,346,BIVR51,Shad,Wilkinson,2015-11-22,BOM,PEK
9295021482,AF,73G,NSTF00,Kitty,Monahan,2015-11-15,MXP,HNL
5735559417,RO,777,SLAN99,Thurman,Jacobson,2015-10-11,SFO,SFO
1845512672,GA,73G,ZLQC34,Dillon,Lebsack,2016-02-23,SFO,HNL
8872907882,AZ,772,SKLI46,Aldo,Cummings,2016-01-29,BOM,MXP
4151682062,ME,73W,QSPJ71,Caren,Erdman,2015-10-22,PEK,HNL
8952123428,AF,772,FADS84,Aletha,Bruen,2015-12-25,HNL,DXB
5152666814,ME,100,WBEN65,Josh,Cremin,2016-01-20,PEK,GIG
3223504320,AF,AB6,KAIX55,Sammy,Roob,2015-12-07,DEL,MXP
9939670874,CI,788,ICSM31,Sal,Balistreri,2016-01-20,BOM,DEL
3259653826,AZ,735,ZMJO05,Damion,Ullrich,2016-07-16,BOM,MUC
5769897136,KQ,73J,FZYS07,Lizabeth,Ondricka,2016-07-30,GIG,HNL
3156221272,AZ,AB6,BNRL48,Rico,Botsford,2016-08-25,HNL,BOM
2220009649,ME,330,AMDO45,Jim,Runolfsdottir,2015-11-01,GIG,GIG
7586299942,AZ,ER4,CRBO35,Nickolas,Hessel,2015-12-31,MUC,HNL
7288843173,OK,75W,HRID74,Rodger,Hintz,2016-06-19,SFO,SEA
0377846194,MU,EM2,LGFR79,Kirby,Daugherty,2016-08-27,DEL,PEK
6967070545,CZ,767,RYWO51,Debi,O'Kon,2016-07-10,DXB,PEK
1405983005,KE,74M,FNXW78,Arletta,Mann,2016-08-16,PEK,SEA
0361699096,MU,EQV,ZNKC66,Rodrigo,Greenholt,2015-11-22,DEL,BOM
4898491802,OK,77W,BVWN82,Dion,Johnson,2015-11-10,SEA,BOM
5394812802,CI,313,ZWIN26,Hung,Kozey,2015-11-14,PEK,GIG
2199123155,SU,AB6,FWTP80,Rebeca,Gutkowski,2016-07-14,MXP,BOM
3086161959,KE,733,YOKL35,Enoch,Fahey,2016-02-13,DXB,BOM
1865553378,SU,EQV,AUEY54,Xenia,Shanahan,2016-07-22,HNL,HNL
7076260583,CI,330,BKSV71,Jame,Predovic,2016-01-09,GIG,SFO
4136905857,AF,ER4,ZLCT47,Nathan,Brakus,2015-10-11,MXP,MXP
6089088519,MU,CR9,MIRJ01,Heriberto,Roob,2016-08-18,SEA,HNL
1708553194,RO,100,LNDY84,Johnie,Ullrich,2016-03-26,BOM,SEA
9781609750,GA,73W,WAPL81,George,Hudson,2016-03-05,MXP,DXB
1379649649,AF,CR9,LCHY96,Horace,Lind,2015-09-18,MUC,HNL
9508431089,CZ,788,RWOY65,Valerie,McLaughlin,2016-03-22,DXB,MXP
2527462965,ME,100,FAKT13,Marylyn,Lynch,2016-07-06,SEA,PEK
0762357160,DL,EM2,NUVF49,Taina,Altenwerth,2015-12-30,DEL,MUC
5796277775,MU,CR2,OZQJ04,Wes,Ledner,2016-01-04,SEA,PEK
6027042315,AM,AT5,SAQW28,Victor,Grady,2016-06-28,SFO,SEA
3601890728,VN,74M,OZQG40,Suzy,Wuckert,2016-07-15,DXB,GIG
3805880967,AZ,AB6,FVKP44,Telma,Bernier,2015-10-01,MXP,SFO
4654753962,AF,M90,CGUW47,Domonique,Schaden,2016-06-01,BOM,BOM
9076282851,CI,ATR,KIET41,Cristopher,Erdman,2016-06-10,DXB,HNL
5898649776,DL,E90,OUZN73,Caridad,Bode,2016-05-10,HNL,MUC
5425755964,OK,747,WKMO98,Leonie,Haag,2015-11-28,SFO,DEL
9918256090,AM,737,PVIF44,Elliott,Marvin,2016-02-16,DXB,MUC
1876804789,AZ,737,HCGD09,Kent,Ortiz,2015-12-25,SFO,DXB
1869048027,SU,M90,YJLH77,Les,Feeney,2016-07-06,HNL,PEK
3721688858,KQ,321,KSHL49,Magaret,Jast,2016-04-29,DXB,DXB
8665636626,SU,772,CDLE83,Reynaldo,Parker,2015-10-27,HNL,BOM
7891971592,UX,777,FPCQ31,Lilia,Stroman,2016-08-25,MXP,MXP
4013689474,RO,M90,EFWT78,Rebeca,Zulauf,2015-09-27,MUC,PEK
3439035213,AM,CR9,UCYI87,Amos,Herzog,2016-04-22,SFO,MXP
5885969704,AZ,753,LHED87,Refugio,Koss,2015-09-25,DEL,PEK
0460591052,MU,EQV,GCJN36,Mauro,Marquardt,2016-01-27,DXB,SFO
2600445590,AM,E70,OQSE44,Franklyn,Schamberger,2016-03-16,DEL,GIG
2605443537,KQ,EM2,BUZE95,Robert,Schneider,2015-10-17,PEK,MUC
3839848110,CZ,SF3,GLVC24,Bryant,Morissette,2016-07-23,HNL,HNL
2414471223,UX,M90,THSU38,Lashawna,Bogan,2016-05-05,HNL,GIG
6104646866,AZ,788,GUZA55,Jacqulyn,VonRueden,2016-08-30,SFO,SEA
4969616350,SU,735,ZPXH60,Marquetta,Schulist,2016-06-16,MXP,SEA
3848520596,MU,313,NLXA54,Nicholle,Schmidt,2016-07-09,SEA,DXB
3278371447,OK,M11,VZLG36,Crista,Vandervort,2015-11-01,DEL,GIG
5132102680,VN,733,CWLZ29,Asha,Nitzsche,2016-06-21,SFO,PEK
8072442610,SU,74M,MQEU38,Hortencia,Cassin,2015-11-01,BOM,SFO
8728559619,MU,737,IJZN54,Somer,Dickens,2016-04-27,SFO,PEK
5481069213,UX,735,QXZG74,Denver,Gerlach,2015-09-15,DEL,SEA
6623021029,VN,763,ACMX93,Angel,Pfeffer,2016-07-27,BOM,SEA
3887499280,DL,747,EYTO64,Marcelo,Nolan,2016-09-02,MUC,DEL
2521292248,RO,M11,FYOU90,Natalie,Corwin,2015-10-04,DXB,GIG
2761620215,AZ,788,BTMY22,Archie,Wilkinson,2015-11-09,MXP,SFO
7785641353,VN,388,MJTE12,Patrick,Veum,2016-04-14,DXB,PEK
9244034589,OK,343,JWEX89,Andrew,Bailey,2016-01-15,BOM,MXP
7763623915,KE,75W,MLOF84,Jayson,Yost,2015-09-21,GIG,BOM
7818044955,KL,AT5,HAJB10,Emogene,Hagenes,2016-04-28,GIG,DEL
0876676626,AM,346,FMIA68,Clotilde,Tromp,2016-09-03,PEK,MXP
9036878466,DL,313,FTCU14,Velia,McGlynn,2016-03-05,HNL,PEK
2853927788,MU,AT5,FSRP41,Lonnie,Howe,2016-05-22,SFO,MUC
2565909118,AM,319,OAHE32,Dwain,Gerlach,2015-10-04,MUC,BOM
8924962537,KL,753,DKGW14,Lewis,Baumbach,2015-11-09,DEL,SEA
6493852560,CI,737,HQTD05,Major,Graham,2016-04-12,DXB,DXB
2263155784,ME,M90,WFJX15,Lasonya,Stanton,2015-12-26,DXB,MXP
2814366438,AM,E90,XOBH74,Charlesetta,Sanford,2015-10-06,MXP,DXB
8705021748,GA,788,MKVH93,Theo,Rosenbaum,2016-03-29,SFO,SFO
3466756907,RO,788,OFSJ45,Audria,Kautzer,2015-12-20,BOM,GIG
8532164050,AZ,733,MGPZ74,Celinda,Von,2016-03-19,MUC,HNL
3951967047,VN,319,OUXA35,Maryland,Ruecker,2016-03-04,GIG,BOM
0902096740,KQ,73J,RONW43,Boris,Hessel,2016-04-23,SEA,MXP
7972373206,KE,73G,XMCY55,Sheryll,Reichel,2016-05-24,MXP,MXP
4167983999,CZ,321,EPJT09,Kimbra,Russel,2016-07-20,SFO,GIG
5304429599,KQ,739,BDOE27,Logan,Botsford,2016-02-09,SEA,BOM
6193775867,GA,343,YUKD11,Ismael,Jacobson,2016-08-29,DXB,MUC
2854743365,AM,733,MZVQ80,Alonzo,Turner,2016-01-12,SEA,HNL
5511117620,OK,AT5,LMOG90,Terrell,Langworth,2016-06-20,GIG,SEA
9364513157,SU,F50,KDQC84,Gussie,Hamill,2016-08-27,BOM,HNL
8369049638,KL,77W,OYSL10,Russel,Heller,2015-12-19,DXB,DXB
3943846393,CZ,737,RCBZ48,Jimmie,Mohr,2016-08-13,MUC,DXB
9948572424,AM,777,ZHJY42,Mac,Dickinson,2016-08-26,SFO,HNL
4136920956,ME,772,MLGK38,Karoline,Schaden,2016-03-30,DXB,MXP
2727898106,UX,330,XINA29,Edmundo,Hilll,2016-06-29,MXP,DXB
4051395041,KE,77W,JYDK16,Willian,Kris,2016-03-07,MUC,PEK
2378807541,OK,74M,YWZJ17,Omar,Renner,2016-07-21,PEK,MXP
5992809118,CI,AT5,GOVZ59,Charley,Dietrich,2016-09-13,PEK,SEA
2140122052,AM,AT5,RDEQ18,Gilberto,Zieme,2016-09-10,DEL,SFO
4978325182,SU,CRK,VOHW38,Sally,Flatley,2016-06-22,DEL,DEL
6069953151,RO,E90,LISW53,Kourtney,Bashirian,2015-10-24,HNL,DEL
9141280271,KL,EQV,XHMG64,Ellis,Deckow,2016-02-21,PEK,MXP
1606651768,RO,75W,LEFA45,Mabel,Borer,2016-04-02,MXP,BOM
4392073397,VN,73W,AWIP73,Tanesha,Jerde,2016-03-29,SFO,PEK
2556421658,VN,388,FZXG68,Andrea,Zieme,2015-09-13,BOM,MUC
4111090909,CI,777,DBTG56,Leonora,Sipes,2015-12-02,MUC,MXP
1003393673,SU,73G,VUBG23,Monroe,Beatty,2016-08-09,MXP,HNL
4365760214,MU,M90,NPBK38,Hung,Herman,2015-12-27,DXB,GIG
4585177824,VN,313,JQMC61,Desmond,Goodwin,2016-04-10,GIG,HNL
0921974021,CZ,F50,ADWR23,Rickey,Eichmann,2015-09-23,BOM,MUC
9960250276,ME,AT5,DAOR30,Susannah,Harris,2016-02-23,SFO,SFO
6343821425,UX,733,JYZB59,Carmine,Maggio,2016-07-06,GIG,MXP
6055688697,UX,CR9,OIKN79,Russel,Mosciski,2015-11-23,SFO,PEK
5030264133,AF,E70,VTBU16,Vanessa,Breitenberg,2015-09-19,MXP,DEL
2477055444,KL,M11,YJML10,Myron,Donnelly,2016-05-28,HNL,MXP
0666495667,AF,772,HRTD28,Lynetta,Feeney,2016-08-25,SEA,HNL
2478063836,KQ,319,TQOU69,Elwanda,Schinner,2015-12-26,GIG,GIG
1718800949,SU,73G,WJUB09,Sergio,Dare,2015-11-10,DEL,MXP
7000288439,CZ,747,DQSR31,Cortez,Jacobi,2016-09-16,BOM,GIG
0529112746,DL,CRK,QVJR23,Luther,Yundt,2016-02-17,MUC,PEK
9388013157,ME,767,XERB11,Johnathon,Mayert,2016-06-20,DEL,DEL
3679020841,AZ,767,ZTDL09,Vern,Morissette,2016-02-16,MUC,DXB
7735511257,VN,788,TIGB91,Stephan,Corkery,2016-06-15,MUC,HNL
0406786577,KE,M11,GQXF14,Elicia,Towne,2016-02-14,HNL,MUC
1797867042,ME,763,XHQP12,Emilie,Buckridge,2016-01-31,MXP,SEA
0544163904,KL,321,EVYQ66,Bobbie,Hauck,2016-04-05,MUC,BOM
1224960768,SU,CR2,BKAC39,Timmy,Willms,2016-06-20,PEK,DEL
9473897275,ME,788,MYNX91,Jamey,Mueller,2015-09-16,HNL,MUC
1161136428,AM,F50,XJTD96,Derek,Larkin,2015-09-22,GIG,PEK
9847126679,SU,M90,BNHF82,Carlo,O'Conner,2016-05-02,BOM,BOM
5392003811,AM,737,KQXZ76,Ulysses,Wiza,2015-12-08,BOM,SEA
7028177238,CI,CRK,UKLX18,Shira,Quigley,2016-07-13,HNL,SEA
4608192488,DL,763,QWSE75,Emory,Altenwerth,2015-12-14,SFO,HNL
4751242320,MU,73G,NPXO00,Angelic,Kreiger,2016-09-10,SFO,PEK
4263129863,KQ,73W,RPHC39,Jesse,Marvin,2016-02-09,PEK,SEA
9405406918,CZ,330,HTVY14,Belle,Ankunding,2016-07-09,SEA,SFO
5872510000,ME,747,LOUN36,Lelia,Will,2015-09-16,SEA,MXP
8465688215,SU,100,DHRP45,Courtney,Jacobs,2016-06-23,MUC,PEK
7844009001,CZ,739,YNMW82,Adina,Borer,2016-01-12,DEL,PEK
7370731132,KL,747,JDBV64,Tyron,Wehner,2016-09-02,DXB,DXB
0203319100,SU,100,AGDQ30,Chasity,Wiegand,2016-01-05,GIG,PEK
8496294248,AF,CRK,ZHOR71,Tara,Becker,2016-09-13,MXP,HNL
3977571977,CI,346,CDOU18,Frank,Will,2015-11-08,DEL,SFO
1732674123,OK,753,NMEG34,Mercy,Williamson,2016-01-23,PEK,HNL
0259196609,CI,ER4,NQHK21,Bebe,Ziemann,2016-03-01,SFO,SEA
0212525627,DL,735,KILA53,Concha,Pollich,2016-09-14,DEL,DXB
6257162286,MU,73G,XYGC86,Myrtice,Reynolds,2016-09-04,DXB,BOM
2069020127,KE,ER4,SWIQ86,Yu,Dietrich,2016-04-26,DXB,MXP
1566181408,AF,388,MPRF63,Deon,Fritsch,2015-09-21,MXP,SFO
1663656708,KE,330,UNDH23,Trevor,Erdman,2016-07-06,SEA,PEK
1824491225,AM,74M,RBMO68,Burt,Murphy,2016-03-13,PEK,GIG
4494090892,KL,763,RNCZ68,Raven,Kihn,2015-12-28,DXB,HNL
3208787521,OK,772,CORF09,Harlan,Ankunding,2015-12-17,GIG,DXB
9521650576,SU,772,YXFN12,Martin,Murray,2016-02-03,MXP,BOM
2622568279,OK,75W,WVNA51,Amos,Hand,2015-10-21,SFO,GIG
0577965253,ME,ER4,FZLO76,Joseph,Wuckert,2016-08-06,SFO,GIG
1801217763,AF,737,XUPI57,Terrence,Aufderhar,2015-12-18,DEL,SFO
0337639133,ME,CR9,MYGE45,Roni,Dicki,2015-09-13,SFO,MXP
6530975685,CZ,343,CRLD21,Lawerence,Daugherty,2016-04-29,GIG,DXB
8731812349,DL,313,NYDC65,Allen,Leuschke,2015-12-22,PEK,SEA
7484716388,MU,313,FEPQ78,Darcey,Bode,2016-05-26,SEA,MUC
0784422618,OK,777,ZWTD66,Rafael,Roob,2016-06-25,SFO,DXB
5885759881,UX,74M,UNYP03,Kip,Larkin,2016-03-20,SEA,DEL
6641110967,VN,ER4,WNOV93,Chas,Kautzer,2016-04-20,MUC,BOM
0104492727,RO,73J,WJTV53,Everett,Hagenes,2015-09-17,PEK,BOM
1796624780,UX,321,WHTG66,Murray,Friesen,2015-11-27,PEK,MXP
4258973991,KE,753,DIPT32,Ciara,Emmerich,2016-04-03,SEA,SFO
8897072595,KE,ER4,VOSW66,Rodrick,Wehner,2015-11-03,DEL,SFO
5098482791,KE,313,DTCU27,Abraham,Brakus,2016-07-29,DEL,PEK
3262263049,KL,739,BHVW20,Kim,Cormier,2015-12-02,DXB,BOM
7661707380,KQ,753,QGIJ58,Jesse,Hand,2015-09-22,DEL,DEL
5960033519,ME,343,VOLZ95,Sherron,Fay,2016-01-25,BOM,SEA
4260259339,CZ,EM2,VFGM12,Antonina,Muller,2016-06-13,GIG,BOM
5758314771,KQ,CRK,HZDI81,Leonel,Boyer,2015-12-05,SFO,BOM
7118847152,GA,E70,HOZR78,Abraham,Schowalter,2016-02-28,GIG,GIG
6110975273,CI,733,UDCA58,Oren,Haag,2016-08-09,DEL,DEL
5490058303,KL,75W,TXYR17,Lionel,Kuvalis,2016-04-07,DXB,MXP
5272383205,VN,CR9,LQHA83,Woodrow,Krajcik,2016-01-24,DEL,MXP
7521450857,GA,333,QCDZ07,Kasie,Connelly,2016-05-11,SFO,PEK
8519302282,VN,767,UWPE67,Cecily,Schowalter,2016-06-03,HNL,HNL
1036509126,AF,AB6,FZJL10,Roselee,Bogan,2015-09-30,SFO,DEL
0422241608,CZ,AB6,EZVN36,Cory,Hermann,2016-02-09,SEA,PEK
9359408935,KL,100,INEB66,Lynn,Von,2016-09-24,DEL,SEA
0940826561,GA,AT5,DHZG43,Wally,Huel,2015-12-27,SFO,GIG
7847433691,ME,100,CWAH40,Brian,Mayert,2015-11-10,MUC,DEL
9570532136,AZ,772,AQON64,Roger,Heidenreich,2016-08-09,DEL,SEA
5214211923,AM,E70,NZYP21,Devona,Aufderhar,2016-09-06,SFO,BOM
9832618734,VN,M90,ZFIK03,Yoshiko,Wunsch,2016-01-20,PEK,BOM
5300431026,KL,735,TSMY45,Victoria,Bins,2016-07-29,PEK,SFO
2590950743,MU,77W,FMKN64,Arnita,Armstrong,2016-07-16,GIG,BOM
3522397415,VN,E90,LPKH77,Bernardo,Hamill,2016-09-05,HNL,PEK
3270421672,CI,CR2,YEOU89,Jaye,Bergnaum,2016-06-19,DXB,HNL
8990995638,GA,753,QWAE92,Edgar,Doyle,2015-09-30,BOM,DXB
7676089178,AM,AT5,IPJM17,Jessie,Mayert,2015-11-07,HNL,PEK
9515401488,UX,333,DYIG70,Cedrick,Simonis,2016-02-17,PEK,SFO
9169597823,KL,737,GTFA52,Johnathan,Zemlak,2016-07-08,DEL,HNL
7458619114,OK,319,MJYX75,Arleen,Cruickshank,2016-06-02,BOM,BOM
5907674420,VN,CR2,EYAT10,Chase,Swaniawski,2016-03-22,PEK,DEL
1308151128,KQ,313,OAWH04,Hosea,Tillman,2016-05-06,SFO,MXP
7234469979,UX,EQV,OSYQ89,Joaquin,Bernier,2015-12-15,MXP,DEL
8728518398,KL,747,CQAS45,Gale,Abshire,2016-01-21,BOM,BOM
0061085988,VN,321,KCSM23,Cathie,Beer,2016-02-04,DEL,PEK
0928084836,AM,74M,BYOZ99,Donette,Kihn,2015-09-12,MUC,DXB
7641986031,CI,ER4,LONM98,Roseanna,Bergstrom,2016-05-03,MUC,MUC
6829954419,OK,739,RFEC81,Paola,Stroman,2016-01-12,GIG,SEA
5645043983,VN,AB6,HLKX42,Royce,Hayes,2015-12-26,DEL,HNL
5820087709,MU,319,HAIL63,Pablo,Hudson,2015-12-01,MXP,DEL
5809503509,AZ,346,WLXM80,Pearl,Schinner,2016-03-30,DXB,MUC
7967163446,DL,747,EZTA64,Oliver,Feest,2016-04-10,PEK,GIG
6938377605,RO,321,GYCR19,Rosita,Lind,2015-11-18,MUC,DEL
6077719333,MU,753,LOAG91,Grady,Bartoletti,2015-09-17,SEA,PEK
8447365663,MU,333,SIOE30,Elvis,Jakubowski,2015-12-30,GIG,MXP
3221700211,UX,M11,NXCO82,Martin,Quigley,2016-05-08,PEK,SFO
4897500314,AM,763,UYEP05,Latina,Schuppe,2015-12-24,PEK,PEK
4041393110,AM,AB6,MLOY54,Kimberely,Koelpin,2016-01-29,PEK,SFO
6912060332,CI,343,JXVB97,Hilton,Kunze,2015-09-23,DXB,BOM
6480377379,VN,735,NLGJ19,Liane,Howe,2016-01-02,SFO,BOM
3762667494,CZ,343,SCDB17,Fritz,Schultz,2016-09-06,GIG,MXP
2013557238,CI,346,IZBV51,Glenn,Bailey,2016-03-11,HNL,HNL
9192471165,VN,AB6,KZSI00,Wilford,Farrell,2015-11-22,SFO,SFO
8428163804,KQ,343,DWZN37,Galen,Pollich,2015-10-08,MUC,BOM
3106625185,CZ,73G,OBTF39,Kaycee,Hermann,2015-12-10,DEL,PEK
4569474713,CI,ER4,KRVC30,April,Botsford,2016-04-18,DEL,MXP
4800307827,AZ,CRK,VHOY24,Carson,Bechtelar,2015-10-30,SEA,GIG
0683361850,DL,321,AFVM44,Jay,King,2016-02-22,DXB,DXB
4177673902,KQ,ER4,VUKL61,Jared,Walsh,2016-08-17,PEK,DXB
0167982992,OK,733,VYCL47,Aline,Borer,2016-04-24,PEK,GIG
0260109993,AZ,333,HTWL49,Wilburn,Stamm,2015-10-21,DEL,DEL
9600314220,DL,772,JKZX98,Leon,Grant,2016-01-30,GIG,SEA
4111796531,ME,100,UBMK47,Linnea,Koepp,2015-11-29,DXB,SFO
0458597496,DL,333,DIQB71,Erin,Walsh,2016-04-13,BOM,DEL
2224445961,GA,AB6,JSKH36,Makeda,Gottlieb,2016-08-13,BOM,MXP
9307050919,KL,ATR,BPCK36,Terra,Keebler,2016-04-30,DEL,MXP
8518604116,AZ,747,IWML77,Jamar,Rogahn,2015-10-06,SEA,GIG
3157245600,KQ,388,KDRN84,Pasty,Blick,2016-08-30,MUC,SEA
7041637736,CZ,735,SWNL97,Tim,Haley,2016-06-07,PEK,DEL
0226296343,GA,73J,HXVT74,Palmer,Nikolaus,2016-01-02,MUC,BOM
6671694298,MU,733,EGZK72,Tamela,Bailey,2015-11-12,SFO,PEK
2898477794,KL,737,BHWT65,Verla,Hamill,2016-03-10,PEK,SEA
5155109440,KE,735,PDZO66,Wyatt,Schulist,2016-09-25,MXP,MUC
3043628322,CZ,313,CSHV69,Elfriede,Schuppe,2016-02-14,DEL,SFO
2916497245,CI,763,PJRF59,Sherron,Hansen,2016-08-22,BOM,HNL
9117323637,OK,739,HPJQ33,Felipe,Franecki,2016-03-03,BOM,DXB
8843330357,UX,767,QAZJ13,Elnora,Orn,2016-04-03,DXB,SFO
8162895711,AM,ATR,STXH56,Guillermo,Shields,2015-12-05,PEK,GIG
7971782247,KE,321,FLMY39,James,Orn,2016-08-27,BOM,DXB
7885210744,AF,313,LYQF42,Wilford,Bednar,2016-08-16,BOM,GIG
3762612187,KQ,346,JFCU60,Dorthy,Schuster,2015-12-11,MXP,SEA
4263845040,CZ,343,EANK69,Erik,Schaden,2016-03-30,SFO,GIG
1754748996,AM,319,PYNM75,Tracee,Ondricka,2016-06-13,SEA,SEA
4166393823,OK,772,QNAC57,Madeleine,Olson,2016-08-18,PEK,SFO
7605842757,AZ,733,BIYC55,Jude,Kulas,2016-01-14,MUC,MXP
0148065213,CZ,321,QVJB56,Tobie,White,2016-09-21,MXP,DEL
7581773977,CZ,CR2,XNVM03,Erwin,Boyle,2016-05-08,GIG,BOM
0023403012,KL,EM2,DCGJ70,Gary,Wisoky,2015-09-15,PEK,DEL
2672477358,ME,M90,JMOP59,Winnifred,Kuhn,2016-08-12,PEK,MUC
3043168623,VN,77W,KUHA38,Marisa,Fisher,2016-03-26,SEA,DEL
9909999566,GA,ATR,YXDR09,Ruthie,Carter,2015-10-22,SEA,SFO
0280684776,CZ,M90,VEIC91,Denis,Bashirian,2016-06-29,PEK,SFO
5304684165,AM,77W,IMCA20,Myrtis,Treutel,2016-05-02,DXB,PEK
2501533575,GA,737,UQRH40,Hsiu,Will,2015-12-06,SEA,MUC
2955530740,KE,747,GCKW52,Mose,Leuschke,2015-11-17,MXP,DXB
0784466969,MU,333,FVMY21,Vena,Okuneva,2016-05-04,PEK,BOM
0583350022,CZ,75W,ZMAE34,Louis,Turner,2016-01-24,MXP,HNL
0129982939,AZ,313,ZEPO95,Stephan,Quitzon,2016-02-10,DEL,PEK
7672718993,MU,767,UDJX50,Lupe,Schulist,2016-09-07,SFO,HNL
0030421975,KL,739,MDPN49,Burton,Fisher,2016-05-03,PEK,SFO
6275071221,CI,735,JZFV86,Brain,Zulauf,2016-02-01,DXB,SEA
5034522117,KL,753,KXCG06,Ronda,Bailey,2016-07-28,PEK,DEL
3437128889,OK,763,CKHX10,Luis,Olson,2015-11-30,DEL,DXB
9649664081,ME,EQV,MPZF60,Madge,Roob,2016-01-12,SEA,MUC
3217344423,VN,319,DELJ00,Carlo,Turner,2016-06-14,MXP,GIG
8342941327,DL,73J,VRKL24,Janet,Macejkovic,2016-05-02,MXP,PEK
1850714671,MU,735,IPYT33,Marti,Johnston,2016-03-17,BOM,DXB
0036110632,KQ,735,UXFK53,Edmond,Schaefer,2016-07-26,GIG,SFO
9188837753,AZ,753,KTIC82,Martin,Kovacek,2016-09-24,PEK,DEL
4126652969,VN,77W,NEVT02,Kandace,Mayer,2016-08-25,DXB,MXP
6054531871,KQ,E90,VIBX52,Shelton,Dicki,2016-01-17,PEK,MUC
8042008375,DL,CR2,IJRP17,Burt,Abernathy,2015-10-17,MXP,SFO
6715522377,AM,73J,QUCH39,Emile,Williamson,2016-01-20,BOM,DXB
6745877940,MU,733,HNDE88,Estelle,Lockman,2016-06-19,DXB,DEL
5710507415,UX,73J,WEYH61,Duane,Aufderhar,2016-04-08,GIG,MUC
6243377242,MU,M11,HQND40,Pauline,Barton,2016-03-29,HNL,MXP
7318756948,AZ,73G,XQNT72,Moshe,Rohan,2016-08-25,DXB,HNL
8410970185,SU,AB6,LRWF73,Nathanael,McLaughlin,2016-06-28,DEL,HNL
5313930318,RO,SF3,CREP61,Latoria,Langosh,2016-04-11,DXB,DXB
1689181362,CZ,AT5,KFQU11,Thanh,Dickens,2016-06-09,SFO,SFO
9809539860,MU,100,BHRD28,Ferdinand,Larson,2016-05-10,SEA,PEK
3226781544,MU,EM2,WJNG20,Joseph,Hoppe,2015-10-10,HNL,PEK
9262749934,RO,767,IUOB37,Marline,Bashirian,2016-08-06,MUC,PEK
8618341799,RO,ATR,OHFZ08,Lise,Stamm,2015-10-17,GIG,DXB
5883115434,AM,772,ACNG01,Julieta,Sauer,2015-10-05,HNL,SEA
4904080569,GA,343,BFUI53,Jeffrey,Block,2015-11-29,HNL,SEA
3255581482,MU,73J,KELT39,Yung,Rowe,2016-05-31,GIG,HNL
3664455091,VN,M90,VFUK02,Antoine,Gulgowski,2016-05-14,DEL,HNL
3074999169,OK,73W,GZNI46,Louisa,Stiedemann,2015-10-25,MUC,MXP
5052980410,CI,ATR,GHWZ50,Saul,White,2016-02-26,DXB,HNL
4441962866,AZ,735,FTOH47,Chester,Steuber,2016-04-10,MXP,PEK
4944597780,UX,73W,CVFL65,Doretha,Howe,2016-08-23,DEL,SEA
6977811934,MU,EQV,WLVG20,Xavier,Goyette,2016-03-06,PEK,HNL
4561189025,ME,EM2,RTDP55,Monroe,Donnelly,2015-12-01,MUC,MXP
8425539723,KQ,F50,VTJE42,Katlyn,Ondricka,2015-09-28,DXB,MXP
0924129936,CI,739,ZLYN84,Charles,Moen,2016-06-28,GIG,PEK
0057163047,KE,F50,FZYB00,Waltraud,Herzog,2016-02-11,BOM,PEK
2042911161,CZ,735,GMQO67,Abbey,Ebert,2016-06-04,DXB,BOM
7233546580,ME,E90,MZHP44,Joesph,Hermiston,2016-09-04,SEA,GIG
5770935335,AZ,313,FMQP11,Shirley,Daniel,2016-06-07,MXP,DXB
8372194903,GA,SF3,FUMJ99,Kelley,Hamill,2016-03-23,BOM,SEA
6186929207,GA,E90,ASHQ68,Tomi,Labadie,2016-01-22,SEA,MUC
0494635649,AM,767,JPTA20,Bradford,Torphy,2016-07-06,GIG,GIG
6669746676,CI,346,AYMH92,Alan,Toy,2016-07-18,HNL,SFO
4674988602,ME,346,MOUZ52,Ollie,Nicolas,2015-09-22,DXB,BOM
0297842866,KQ,767,CDXK55,Kymberly,Greenholt,2015-11-11,SFO,MXP
5326783688,GA,E70,ZPGO44,Vannessa,Greenfelder,2016-02-14,MXP,HNL
3765468498,MU,74M,XAIC61,Leonore,Gorczany,2016-02-01,PEK,PEK
3200261128,ME,313,CGKM12,Avril,Heathcote,2016-06-07,HNL,GIG
1194756836,UX,100,SUWQ03,Santos,Ward,2015-10-05,PEK,PEK
6124667695,CI,74M,QAWS48,Hildegard,Nicolas,2015-10-12,MXP,SEA
8401554911,CZ,CR2,YCBK77,Terrance,Borer,2016-01-11,SEA,HNL
2769352548,OK,E70,IMJP17,Everett,Nolan,2016-08-26,BOM,HNL
3570155107,KQ,343,HQJR41,Lavern,Lakin,2016-05-03,GIG,HNL
5816651055,DL,AT5,GNFO96,Trent,Kub,2016-05-28,BOM,SFO
6174154189,AZ,E90,TYDH17,Tristan,Mayert,2016-05-04,PEK,DEL
2694467644,DL,AT5,ZMNO14,Jarrod,Emard,2015-09-24,SEA,DXB
7229574598,ME,ER4,EBOK00,Pedro,Nader,2016-07-09,DXB,MUC
4447167003,DL,M11,GQPW46,Maribeth,Bergstrom,2016-04-25,MUC,PEK
1931824235,GA,763,TFEO21,Andres,Christiansen,2016-05-02,HNL,BOM
2497859775,AZ,M90,PETA64,Damion,Cremin,2016-02-17,DEL,DEL
9523312959,AZ,733,LIMJ82,Abraham,Trantow,2016-07-25,DXB,BOM
9738767995,UX,M90,WSHA29,Tracie,Gutkowski,2016-02-05,MUC,PEK
4793186120,KE,772,QYAI43,Mitzie,Wyman,2015-09-29,DEL,PEK
9652244246,VN,333,PSOE78,Kristie,Trantow,2015-10-15,MUC,DEL
5329263154,DL,733,UEQF37,Dorris,Brekke,2016-08-06,MUC,PEK
7923465994,AM,739,CYGX06,Thanh,Kuhn,2015-10-29,MXP,MUC
7700375039,KQ,346,LOGB73,Josue,Kovacek,2015-12-09,MUC,HNL
0508228187,AM,733,CNDX72,Antoine,Ullrich,2016-07-29,PEK,SEA
0598953749,VN,M11,YMFU30,Andre,Conn,2016-05-30,HNL,PEK
8381049228,OK,75W,IYWN03,Salley,Klein,2016-05-21,HNL,MXP
5341331623,AF,767,VTAZ88,Cherlyn,Mraz,2016-01-12,SFO,SFO
5475131961,ME,CR2,HSCT23,Lida,Waters,2016-03-29,SFO,HNL
9932635767,OK,753,GCBO51,Denver,Bernhard,2015-09-30,BOM,GIG
8591683194,AF,333,TVYQ85,Barbar,McLaughlin,2016-02-13,DEL,DEL
1743289517,OK,763,XIDS55,Janay,Rogahn,2016-02-14,SEA,MXP
3401889714,KE,330,XDZG39,Curtis,Predovic,2016-08-09,SEA,BOM
9140046311,CZ,388,WZYT34,Herschel,Rath,2016-09-13,SEA,PEK
2225646837,SU,73J,MBAK38,Betty,Schmidt,2016-02-04,BOM,PEK
3530879275,OK,100,BJSH76,Rubin,Rau,2015-09-13,SEA,MUC
5454247633,RO,AB6,XAOI32,Ralph,Jaskolski,2015-09-16,SFO,BOM
2818246320,GA,75W,XTHK24,Deadra,Nitzsche,2015-12-10,MUC,DEL
0834323662,AZ,F50,GSPM18,Yasuko,Cole,2015-10-03,GIG,SFO
0444924566,MU,100,VWGR41,Kendrick,Wisoky,2016-01-10,SEA,DEL
3708512547,ME,EM2,ALWC15,Monika,Dach,2016-06-18,SEA,GIG
9358542163,KL,772,HQLW61,Quinn,Cummings,2016-01-21,PEK,DXB
6888678897,AM,73W,UMXE26,Latoya,Gibson,2015-10-04,DXB,PEK
3197137005,VN,AT5,VYWD13,Quinn,Donnelly,2016-01-23,DXB,SFO
6416773728,RO,321,AYRF89,Charita,Dibbert,2016-04-06,DEL,MUC
0483183451,CI,74M,MOFJ76,Judie,Swaniawski,2016-04-07,HNL,SFO
4657653853,ME,M90,JKDL56,Moshe,Turcotte,2016-01-22,HNL,MUC
4771258726,CZ,E70,HFBR76,Delmar,Davis,2016-05-20,GIG,GIG
9067503247,DL,763,QBRF46,Merle,Dare,2016-01-18,MXP,GIG
0099946409,DL,77W,HRQW27,Maryjo,Ortiz,2016-05-05,BOM,SEA
7681665409,GA,ER4,NDKJ48,Vito,Zulauf,2016-04-21,DXB,DEL
5911383757,KE,E90,DGTP94,Leone,Mertz,2015-11-17,MUC,MXP
4133810800,MU,739,NBKW75,Solomon,Spencer,2015-09-15,DEL,GIG
1073192648,UX,733,MUIP21,Lino,Purdy,2016-01-20,DXB,SEA
0252085797,VN,313,DRVZ82,Leandro,Strosin,2016-03-25,BOM,MUC
4898845829,KQ,333,WEYH24,Meghann,Dooley,2016-07-19,MUC,MUC
9901571220,AM,313,CYZV27,Bert,Bartell,2016-02-05,SFO,GIG
4888807626,KQ,346,TLOH55,Flo,Bode,2016-03-30,GIG,MUC
8249701417,CZ,M90,YXZI76,Earl,Schmitt,2015-10-23,GIG,MXP
0981258452,CI,100,GFCY07,Penelope,Stanton,2016-02-12,BOM,DXB
7673095486,RO,747,KCJI80,Abe,Mante,2016-08-17,MUC,GIG
6442459915,MU,735,KIHP59,Katia,Lynch,2015-11-14,HNL,BOM
6129338473,MU,CRK,UVQR70,Tricia,Gaylord,2016-02-07,SFO,BOM
6188151812,KL,788,JTRG64,Giovanni,Littel,2015-11-20,GIG,SFO
0087563698,AZ,EQV,YHUA58,Tena,Lehner,2016-01-06,MUC,SFO
2539074563,MU,ER4,OGSK72,Fletcher,Kerluke,2015-09-25,DEL,GIG
8817680528,VN,346,ORFK02,Adrianna,Lynch,2015-12-29,MXP,DXB
7581702516,KL,77W,ISLU55,Norbert,Howell,2016-06-15,MUC,DXB
4593507146,KQ,CR9,HRKJ61,Anita,Wuckert,2015-11-04,SEA,MXP
4476071371,GA,788,UWEQ42,Delmer,Purdy,2016-04-11,DXB,GIG
3027721725,SU,M11,WBSK87,Ronny,Hessel,2016-04-07,PEK,DEL
5804205690,ME,74M,AOTB34,Angle,Yundt,2016-03-01,SEA,SFO
6279020908,MU,E90,KAON32,Margarett,Waters,2015-10-30,MUC,MUC
0833828140,OK,767,IUXY86,else,Fisher,2015-09-28,PEK,DEL
5763549237,CI,767,XOCJ21,Tobie,Leannon,2015-11-09,GIG,DXB
8767495847,KL,739,CSZQ19,Yon,Rippin,2016-05-26,DEL,MXP
7381506122,KL,E90,FVBT10,Belle,Waters,2016-05-21,MXP,DEL
1815127947,DL,AT5,PRYO20,Dianne,Klein,2015-09-15,MXP,DXB
6337266194,AF,343,FNRB41,Ona,Sawayn,2015-11-25,PEK,DEL
3653709039,KQ,AT5,HSUA84,Daryl,Spencer,2016-03-07,BOM,SFO
7981266063,KE,74M,DQNO48,Jeramy,Sporer,2016-07-23,HNL,MXP
1458538872,GA,767,KUGA04,Bennie,Wisoky,2016-04-10,SFO,DEL
6246605880,VN,330,DGZU86,Clelia,Aufderhar,2016-05-27,SEA,SFO
3694164049,GA,CR9,JLHU18,Jude,Medhurst,2015-12-24,DXB,DXB
3205886056,AZ,EM2,NRXI38,Randi,Mertz,2016-07-11,DEL,PEK
1521448017,CZ,343,YTWR71,Angelo,Legros,2016-01-23,DEL,SFO
5543753627,UX,321,KZFV51,Lawrence,Kohler,2016-09-24,BOM,DXB
1393726848,OK,CR9,ZTUI07,Corene,Kessler,2015-09-29,GIG,GIG
4582250571,RO,E70,DSBJ29,Christian,Sporer,2016-06-05,MXP,GIG
8337026234,KL,CR2,SVGD11,Marna,Raynor,2016-02-09,MUC,BOM
3578174803,KL,M90,OWVK12,Era,Bins,2015-11-12,PEK,HNL
0469562247,CI,E90,MIBH29,Laine,Herzog,2016-03-13,DXB,DEL
7665044979,AZ,788,BLPE84,Richard,Walter,2016-08-29,DEL,HNL
6412662316,MU,CRK,MUCB55,Buster,Christiansen,2015-12-11,DEL,SEA
0110485985,CZ,777,AHCT30,Lieselotte,Carroll,2016-09-14,SEA,MXP
7733580175,VN,763,CVEP62,Jacquelyn,O'Conner,2016-06-09,BOM,PEK
6897838568,VN,EM2,IXRF22,Huey,Steuber,2015-09-12,GIG,MXP
6809922323,RO,739,VDMA15,Delicia,Fadel,2015-09-10,DXB,GIG
7492522368,GA,763,MXCP56,Rima,Denesik,2015-11-17,SEA,MXP
1588421415,GA,77W,XBKL06,Mckinley,Dietrich,2016-05-12,DEL,MUC
9350398813,CI,CRK,RGTO92,Mandy,Turcotte,2016-02-11,MUC,MUC
7153845205,SU,753,IOKL60,Angeles,Luettgen,2016-05-12,GIG,GIG
0211756295,DL,100,YKZE31,Michelle,Shields,2016-05-10,SFO,MUC
3554640113,OK,346,DXIH82,Augustus,Schamberger,2016-09-15,SFO,DXB
5758185915,ME,E70,AIBG26,Ray,Greenholt,2016-03-10,MUC,SFO
2652604423,KE,321,BJCM54,Daisey,Pagac,2015-11-19,DEL,SFO
5865870078,CI,321,RHGP42,Terry,Greenholt,2016-06-20,SFO,SFO
1102437914,AZ,772,LKPV79,Adelaide,Bins,2016-01-01,GIG,HNL
8943713002,ME,772,QGON75,Magda,Reichel,2016-07-17,HNL,PEK
4012449789,KL,E70,GYFN28,Rubye,Kautzer,2015-09-10,MUC,GIG
9595401725,AZ,788,JALC13,Jenny,Rempel,2016-07-15,SFO,DEL
4899312886,AM,CR9,MQLA74,Suanne,Cartwright,2016-07-10,PEK,GIG
1391948755,CZ,CR2,FAKJ08,Giuseppe,Kunze,2016-01-22,MUC,DXB
6317106915,KQ,EM2,NIHM27,Shelton,Nitzsche,2016-03-30,SFO,PEK
1149470546,VN,EQV,TVOJ00,Jeannine,Bayer,2015-11-20,DEL,PEK
9045555709,OK,333,WMVJ62,Nicholas,Wolf,2015-11-24,GIG,SEA
4527239611,AZ,319,TUNC52,Cythia,Erdman,2016-01-13,DXB,SEA
4025287669,ME,772,ECMP82,Earl,Haag,2016-03-05,GIG,SFO
3369273525,SU,753,CHVZ08,Devona,Little,2016-06-06,SFO,GIG
2159676139,UX,100,RLMA36,Lanny,Kemmer,2016-09-06,DXB,SEA
6076976366,KQ,737,LXNH11,Tyler,Baumbach,2016-05-29,SEA,BOM
0299964477,CZ,388,SXBD01,Jodie,Stanton,2016-08-11,SEA,PEK
6125336176,MU,735,DRPV32,Dotty,Wehner,2015-09-12,DEL,GIG
1556093172,AM,CR2,OZHV34,Alonso,Collins,2016-05-16,MXP,DXB
4084383681,ME,767,HJUD39,Toby,Douglas,2015-10-04,MUC,PEK
3546202293,CZ,E90,BGAR96,Joe,Mertz,2015-11-09,MUC,MXP
6298230343,CZ,AT5,RMJG40,Mckenzie,Mosciski,2015-11-01,MXP,GIG
3442246903,KQ,330,QULW56,Gennie,Goldner,2015-09-18,DXB,PEK
5362529181,SU,313,MTUB57,Virgilio,King,2015-11-15,GIG,BOM
4963771000,KL,739,DRYJ24,Soon,Blick,2016-07-12,SEA,DXB
9262628713,CI,747,AYFB23,Dewayne,Feeney,2016-07-10,SEA,MUC
2416195278,RO,AT5,XUOY34,Candelaria,Jones,2016-05-17,PEK,MUC
0528777254,RO,388,IBEF21,Amos,Schinner,2016-03-08,MUC,BOM
5424380636,CZ,F50,YIZB47,Krystin,Hoppe,2015-12-31,MUC,DEL
5028328938,AZ,330,JUVR00,Coleman,Orn,2016-07-28,GIG,SFO
4178125331,CZ,CR9,MAWY78,Don,Schuster,2015-11-08,MUC,BOM
3426084122,AF,E90,RMLK61,Ranee,Greenholt,2016-05-20,DEL,SEA
2220438943,DL,319,PFOA22,Loraine,Adams,2015-10-15,SFO,DXB
9826463829,MU,343,SXCL47,Michel,Klein,2016-02-05,SEA,DXB
7169066236,GA,M11,JZSL88,Winston,Dare,2016-04-14,HNL,SFO
6753018895,UX,ATR,GTFM55,Josef,Schuster,2016-09-13,GIG,GIG
9129707256,AM,M11,GSFJ70,Melonie,Trantow,2015-11-07,SFO,BOM
5225192486,VN,AT5,JWTR70,Mozell,Torp,2015-10-31,DEL,DEL
1882858164,MU,388,WXTR28,Suzan,Halvorson,2015-10-20,DEL,MXP
9109327028,CI,73J,FSCH71,Cedric,Lebsack,2016-04-02,DXB,MUC
6716132851,UX,747,ZMAC90,Renaldo,Conroy,2016-07-05,HNL,DXB
7886808786,MU,M11,RHTQ75,Karmen,Hoppe,2015-12-21,MUC,DXB
8625634638,GA,739,WSYB81,Geneva,Stokes,2015-10-19,MXP,MXP
6805829432,CI,M90,PWZD63,Shakita,Howe,2016-04-26,DXB,MUC
3946989566,AM,763,MKZB36,Otis,Osinski,2016-05-05,PEK,HNL
8035251307,CI,788,ERHN40,Tiffaney,Glover,2016-03-20,MUC,MXP
9841258921,OK,747,KQOW47,Clora,Stehr,2016-05-19,HNL,HNL
3492910068,CZ,739,KCDF33,Jina,Rath,2015-12-12,DXB,MXP
4251162755,KL,F50,ZWIP63,Lamar,Boyer,2016-01-25,DEL,HNL
1912116368,CZ,313,XSKU81,Garret,Kemmer,2016-05-04,GIG,HNL
1591463112,GA,M90,HNLC00,Petronila,Gislason,2016-09-07,HNL,MXP
9949881739,OK,F50,PSZR36,Jena,Emmerich,2016-06-22,DXB,DEL
5572440737,DL,319,IVUP60,Chara,Goldner,2016-09-12,BOM,HNL
6175455686,AM,E70,RLHI43,Scottie,Johns,2016-08-06,SFO,SEA
5290065337,MU,EM2,VXCW58,Enoch,Towne,2015-11-11,PEK,MUC
1073220687,RO,F50,RWZP16,Maryland,Schiller,2016-09-16,MUC,SEA
6446657311,CZ,EQV,MJFW70,Ollie,Hirthe,2016-07-05,PEK,PEK
4873946632,KQ,73G,LWFS93,Salley,Bogan,2016-07-01,PEK,HNL
7815709884,AF,333,EWLG92,Andrew,Bergstrom,2015-09-23,SFO,MUC
9044579098,GA,388,IACY04,Della,McLaughlin,2016-01-15,HNL,DXB
4973092240,OK,772,MKQB17,Otha,Stiedemann,2016-07-08,DXB,BOM
9729752253,UX,346,CAIE79,Tawnya,Anderson,2016-05-05,BOM,DEL
2991759731,CI,733,WNOU46,Lucien,Gleichner,2016-04-11,HNL,MUC
5535805803,KQ,EQV,KEOM04,Rigoberto,Kshlerin,2015-11-22,DXB,MXP
5167413977,GA,333,SAOG73,Emerson,Hamill,2016-07-24,DEL,DEL
7484737544,GA,73J,MAJW47,Chloe,Bauch,2015-11-28,GIG,SEA
5643480905,UX,F50,BAXF44,Holli,Hane,2015-10-10,DXB,MUC
1503794801,UX,313,TGDA22,Marlin,Bode,2015-09-12,MUC,PEK
9051880189,GA,747,SQBE41,Teresa,Brown,2015-11-03,HNL,GIG
0140691825,DL,777,PAHE03,Izola,O'Kon,2015-11-19,HNL,SFO
6929652965,DL,CR9,LHBJ97,Gilbert,Mills,2016-05-10,HNL,SEA
4850386058,SU,735,PMFX08,Dina,Larson,2015-10-27,MUC,HNL
4328472710,GA,M90,CVPL16,Denver,Herman,2016-08-01,DXB,MUC
2155707574,KL,74M,UJQW49,Hugh,Strosin,2016-08-25,GIG,DXB
2362855023,AZ,EM2,ACBP09,Margot,Marks,2016-05-25,DEL,HNL
8666089938,KE,343,HBJD79,Isis,Bailey,2015-10-12,BOM,SEA
6361683790,KQ,73W,WVDG84,Tamiko,Christiansen,2016-07-23,DEL,SEA
4575060461,KL,77W,UASJ13,Korey,Wunsch,2015-12-24,SFO,DEL
9056013009,AZ,772,GWQA97,Chin,Gerlach,2016-05-23,MUC,SFO
9109586691,CZ,772,ZUBP39,Yer,Gutmann,2016-08-03,DXB,BOM
5118037095,KE,100,MZRV80,Regine,Blanda,2016-03-29,SEA,HNL
0939768756,AZ,77W,SRDF01,Nana,Adams,2015-10-10,SEA,GIG
7495147948,KQ,388,DMPB33,Elda,Klein,2016-09-18,PEK,DEL
5478192336,VN,CRK,VNTU68,Quinton,Price,2015-10-20,SFO,SFO
4789605572,MU,100,JIKZ51,Camellia,Mohr,2016-06-04,PEK,PEK
8377011720,RO,CR9,ELJI14,Sophia,Herman,2015-11-02,MUC,DEL
7374485985,VN,343,RJIN43,Brett,Crist,2015-12-27,HNL,HNL
1243567103,AF,E90,EWVR72,Mercy,Lehner,2016-08-23,MUC,HNL
4103599658,KQ,346,FOIQ44,Mac,Dach,2016-06-21,DEL,DXB
4376243554,AZ,E90,PNOE40,Aurelio,Feest,2016-01-31,GIG,BOM
8317603072,DL,733,XWFZ06,Arminda,Cole,2015-11-30,SFO,HNL
6947788685,ME,CR9,HDSZ89,Trey,D'Amore,2016-02-22,BOM,PEK
2466228587,ME,343,WAEM18,Andres,Renner,2015-12-12,DXB,SFO
4885260347,AF,100,YKZN68,Shonna,Larson,2016-07-13,MUC,DEL
7171078220,KL,753,QVEA74,Claud,Fahey,2016-01-22,MUC,BOM
2532531446,CZ,73J,UVOE60,Arturo,Crist,2016-06-22,MUC,MXP
9017756380,KE,73J,ZSVQ55,Salvatore,Mann,2016-03-03,SFO,PEK
7019496043,AM,319,RPXL34,Maxwell,Rohan,2016-04-09,GIG,BOM
4988088970,AM,SF3,KWSP38,Shonda,Strosin,2016-09-07,GIG,MUC
0028566715,CI,M11,VDJL97,Kristle,Collier,2016-07-26,MUC,HNL
9363916575,UX,747,KPSJ84,Willia,Funk,2016-08-21,BOM,BOM
9972251909,SU,73J,IXBT28,Rosalba,Simonis,2016-07-01,DEL,HNL
5514266591,KL,E90,CUGK26,Parker,Blanda,2016-06-02,SEA,BOM
5099981843,AF,733,RLKC35,Yevette,Parker,2016-01-03,SEA,BOM
5219739804,AM,EQV,CLPO76,Jame,Kessler,2016-09-24,PEK,MUC
1741022950,RO,330,JYER89,Heath,Breitenberg,2016-01-29,PEK,BOM
9354789452,VN,CR9,HYME71,Wilmer,Hickle,2016-05-15,MXP,DEL
2153740972,UX,73G,MDXB83,Clementina,Kuhic,2016-07-10,GIG,DEL
7269322158,MU,M90,SCJT38,Ernestina,Dooley,2016-08-11,DEL,DXB
3581856448,AM,ER4,IWGQ02,Hoyt,Kunde,2016-07-07,BOM,SFO
9003734872,VN,321,JXHM90,Ralph,Dietrich,2016-01-18,GIG,MXP
7299113057,DL,333,AYFL24,Constance,Wolff,2016-08-22,MUC,GIG
5352173394,DL,E90,LBGD19,Cleopatra,Nikolaus,2015-10-21,DEL,BOM
4567701481,KL,74M,CWPO44,Isaac,Fadel,2015-12-21,PEK,BOM
6593300979,CZ,788,OBFY26,Ginger,Dicki,2016-01-21,DEL,SEA
9766750586,AM,388,KGBO12,Lucile,Blanda,2015-10-09,DEL,PEK
7111913252,MU,75W,AROU49,Arturo,Kunde,2015-12-19,MUC,MXP
2927823228,MU,739,JBSH88,Hank,Cummerata,2015-12-20,MXP,SFO
2998784531,CI,73J,FPSE46,Donnie,Kling,2016-08-31,DEL,DEL
4761709970,AF,767,DWNY68,Gavin,Kuhlman,2016-03-07,SEA,GIG
9071751436,CI,735,SIDO92,Dwayne,Yundt,2016-02-21,HNL,DEL
9476855579,KE,AT5,YRLP33,Vashti,Murray,2016-04-14,BOM,SFO
8667651589,KE,767,PKFH90,Jarod,Hermann,2016-08-14,DEL,BOM
1736145233,KQ,SF3,PTVZ98,Darrell,Steuber,2016-02-10,DEL,DXB
4824531034,UX,343,BNUC10,Alexa,Price,2016-05-30,BOM,SFO
1002944835,AM,330,PCLI49,Emil,Kub,2016-07-09,SFO,MXP
2473325795,UX,319,RZBF43,Lesa,Rosenbaum,2015-12-26,MUC,MUC
9800560451,ME,E70,KILF07,Toney,Shields,2016-01-29,DXB,HNL
4951671175,CI,319,UYVD39,Cammie,Purdy,2016-09-26,DEL,BOM
8159648880,DL,733,PYMT37,Julianna,Miller,2016-01-19,MXP,MXP
5392241585,UX,330,QRFY09,Freeman,Jones,2016-03-14,GIG,GIG
0515068840,DL,767,MEST43,Cira,Moore,2015-09-24,SEA,DXB
5526986196,DL,100,MEYH40,Francis,Boyle,2015-11-17,SEA,MUC
8864180321,CZ,74M,UTGK14,Kate,Koch,2016-07-10,BOM,HNL
0738065751,UX,M90,RGNO65,Catheryn,Klocko,2016-01-13,SFO,PEK
1232375627,GA,AT5,GZPL37,Mitsue,McLaughlin,2016-08-09,MUC,SFO
8952640303,VN,77W,XGRY62,Javier,Torp,2016-06-01,PEK,HNL
5482436144,ME,739,YKMO37,Claude,Macejkovic,2016-04-03,SEA,DEL
4923375316,AZ,763,LVCO50,Vanda,Kutch,2016-03-05,GIG,BOM
2529978850,CZ,763,DWKE94,Clorinda,Hirthe,2016-01-20,GIG,GIG
2788615473,KQ,E70,WZMR74,Nova,Dibbert,2015-11-16,BOM,MXP
7876490172,AF,E70,QKIW04,Tania,Schumm,2016-05-21,PEK,BOM
9439438061,DL,CR2,YKPT53,Caron,Hirthe,2016-05-01,SFO,MXP
7925003422,VN,733,YRJZ77,Gavin,Aimonetti,2016-01-23,BOM,BOM
8139446917,GA,ATR,OXMF47,Antone,Marvin,2016-08-27,HNL,PEK
9546598695,ME,763,EKAX91,Tamiko,Kling,2016-04-26,SEA,HNL
2177901778,SU,313,DHUZ83,Angella,Cronin,2016-05-30,MUC,BOM
7827349570,VN,763,UHQP41,Gene,Bins,2016-05-03,DXB,SEA
2467506664,GA,CR9,CJNH47,Nathan,Champlin,2016-02-15,GIG,MUC
8147716533,CZ,SF3,HDKZ36,Ivonne,Hickle,2015-12-07,PEK,SEA
1265176113,ME,SF3,GBTZ44,Antone,Wintheiser,2015-10-26,DEL,MUC
1733765624,AF,735,NVTA70,Charis,Hayes,2016-04-07,HNL,BOM
0203544013,MU,AB6,CINS48,Wanda,Mueller,2015-10-16,MUC,BOM
1140667867,OK,EQV,HEFP46,Dulce,Medhurst,2016-01-03,DXB,SEA
5673289900,AF,330,TEXC35,Vanda,Gutmann,2016-06-24,SEA,BOM
8452329403,RO,E70,WCBF73,Dorsey,Herzog,2016-04-09,SEA,MXP
7483655729,AM,763,CGMV53,Lindy,Wintheiser,2015-12-18,SEA,MXP
0294543668,OK,E70,JDGH34,Danette,Roberts,2016-09-11,MUC,HNL
3547918194,AM,CRK,YTNR72,Pa,Miller,2015-11-18,SFO,SFO
4126075331,CI,AB6,STRQ68,Normand,Rodriguez,2016-01-29,BOM,DEL
3218026853,AM,321,PXAO58,Nigel,Ruecker,2015-11-16,GIG,GIG
9416712555,DL,788,JQXP98,Fritz,Crist,2016-07-29,PEK,PEK
4177478775,KL,735,FWLA58,Anthony,D'Amore,2016-08-18,DEL,HNL
9174441774,ME,788,BWGL25,Adolph,Balistreri,2016-07-06,SEA,SFO
4174662705,KE,321,FRKY70,Joycelyn,Romaguera,2016-03-21,MUC,SFO
6228719628,GA,E90,SBEN36,Brigid,Kozey,2015-11-26,SEA,PEK
7688710299,KL,EQV,FRLW53,Daina,Murray,2016-01-06,DEL,BOM
9164216248,KL,313,JDQF16,Gertrud,Dibbert,2015-10-28,PEK,DEL
0107389094,UX,333,SMLG62,Dale,Witting,2015-12-05,PEK,DEL
7103578393,UX,M11,DHYM02,Derek,Koch,2016-07-01,HNL,MXP
4916376089,DL,73J,WOMD36,Vanesa,Hoeger,2016-04-28,BOM,GIG
8479671592,CI,AT5,OVWU98,Camilla,Nikolaus,2016-03-04,BOM,MXP
9890607423,DL,100,YMQB19,Ellena,Beer,2016-07-15,MXP,DXB
0195642404,GA,77W,HJGM17,Terica,Huels,2016-05-10,GIG,DXB
8124673799,UX,772,REGW82,Dwain,Christiansen,2015-12-21,DXB,SFO
0368367164,CI,74M,HZBX95,Lissette,Osinski,2016-05-25,PEK,PEK
2880022686,VN,M11,MHUD13,Quinton,Paucek,2016-05-07,SFO,DXB
6790147455,OK,747,BSXP54,Aimee,Hintz,2015-11-03,GIG,DXB
7677868118,SU,100,ETMG68,Darrel,Wilkinson,2016-06-08,PEK,SFO
2974835367,KE,M90,HIDQ10,Dwayne,Doyle,2015-11-06,MXP,SFO
1229311566,AM,E70,HFBK17,Roseline,O'Kon,2015-11-17,GIG,SFO
1298387490,KQ,737,SDJP42,Ethyl,Sipes,2016-01-25,MXP,HNL
8064956361,KE,CR2,KJUY35,Camie,Goldner,2015-11-28,GIG,BOM
2405439182,KE,763,UIAK58,Pablo,Ernser,2016-07-29,MUC,BOM
6921423341,AZ,737,SMBD68,Darryl,Kunde,2016-06-12,BOM,HNL
3332447865,RO,F50,WCFE97,Gregorio,Walker,2016-06-24,MXP,GIG
2727928813,KL,753,FAJU32,Neal,Towne,2016-04-01,DXB,BOM
2365261093,AM,788,IGWZ93,Ariel,Bailey,2015-09-28,DXB,HNL
5978106266,CI,333,BYXL50,Carey,Casper,2016-01-31,BOM,DXB
5603990745,KQ,E70,EAJH72,Rick,Wilderman,2015-12-01,BOM,HNL
8176288079,GA,333,HNWY72,Portia,Upton,2016-04-24,SFO,SFO
8603502840,MU,343,XTCS32,Giuseppe,Lynch,2015-11-20,PEK,PEK
8959278861,KE,388,PERT51,Cora,Towne,2016-08-13,SFO,BOM
1713225252,DL,772,XGSO77,Eleanora,Jewess,2015-09-24,MXP,DXB
6125491419,UX,763,CPLJ17,Hilton,Bode,2016-02-14,BOM,PEK
2335081722,ME,E70,LKEG87,Valencia,Kub,2016-09-15,SEA,PEK
9824777603,ME,319,CGUB96,Werner,Stanton,2015-10-29,GIG,MUC
1863158928,VN,77W,NLAI73,Rich,Goodwin,2015-12-26,HNL,GIG
8252159576,UX,100,YSCX36,Gilberto,Hodkiewicz,2016-05-12,HNL,MUC
5294427834,KL,73J,OEVF37,Beau,Kunze,2016-01-15,DXB,DXB
9261503022,UX,77W,VTCF05,Alec,Bechtelar,2015-09-24,PEK,BOM
0560508614,RO,313,VRQH56,Margaret,Johns,2015-10-02,BOM,SFO
4244160093,KE,EQV,OQRN55,Harold,Lindgren,2016-06-10,MXP,SFO
8953912920,MU,343,YPVU07,Reagan,Lynch,2016-01-05,SFO,HNL
8616516970,MU,CR9,GBFQ53,Heath,Price,2015-12-19,SFO,PEK
7390124469,VN,733,XSOT86,Bronwyn,Herzog,2016-01-05,DXB,SFO
9708977419,CI,737,RQUC13,Maryln,Watsica,2016-05-07,HNL,BOM
3271899138,KQ,747,HNAL25,Rolf,Purdy,2016-01-28,SEA,PEK
8881476030,DL,EM2,ASMR48,Rico,Grady,2016-03-28,GIG,DEL
2292240977,GA,733,YNHO79,Alfonso,Crona,2016-06-26,MXP,SEA
8901462777,CZ,313,RCGF74,Daniel,Gutkowski,2016-01-21,HNL,DXB
7336499603,CI,330,ACSZ72,Dominique,Armstrong,2016-02-24,DEL,PEK
0762031067,ME,346,HGXD01,Jonas,Shields,2015-11-11,DEL,HNL
3247257200,VN,313,WRLM86,Efren,Ward,2016-05-23,MUC,MXP
9473339997,AM,739,QINS37,Ian,Bernier,2016-06-08,GIG,HNL
7146576580,GA,788,KBYS93,Shelton,Ortiz,2016-01-21,PEK,HNL
2454630291,AF,EQV,CVDX43,Margrett,Ward,2016-09-13,DXB,SFO
4476394138,KE,EM2,GPTM60,Brent,Keeling,2016-02-20,HNL,SFO
2152195531,AF,73J,HDPC75,Gary,Shields,2016-08-31,DEL,SEA
4232349070,AZ,735,UDRY35,Francine,Halvorson,2016-08-30,DEL,DXB
9195072895,GA,343,OSEM21,Fausto,Harvey,2016-03-27,BOM,PEK
4387853554,UX,AT5,NALP16,Efren,Berge,2016-09-02,PEK,DXB
4039987174,VN,330,XVKD17,Jacquline,Glover,2015-11-02,MUC,GIG
1743798780,KQ,77W,XUYN95,Yajaira,Herzog,2016-08-09,MXP,GIG
9181789662,RO,F50,DNEY09,Meda,Stiedemann,2016-02-06,BOM,PEK
2157088197,GA,330,RDNT55,Donald,Lemke,2016-06-16,BOM,PEK
2503456866,KQ,788,PTOZ16,Staci,Krajcik,2015-11-26,DEL,MXP
0618359573,OK,EQV,DAIY69,Art,Gerhold,2016-07-25,MXP,BOM
1471929586,ME,EM2,AKED31,Paris,Kerluke,2015-10-30,SEA,HNL
9368728041,UX,F50,DOPL71,Rolando,Heidenreich,2016-06-11,DEL,PEK
7491365290,GA,733,CKGT03,Barton,Ledner,2016-09-15,DXB,MXP
7173878997,AF,767,UBQR81,Jerlene,Renner,2016-09-06,HNL,MXP
0609760337,CZ,753,COQT42,Alfonzo,Mills,2016-01-03,MXP,DXB
7381407135,KL,AB6,WYOV02,Rashida,Upton,2015-09-27,MUC,DXB
6385890051,DL,788,UDGM58,Tony,Smith,2016-06-24,DXB,DEL
5291528345,OK,77W,URTL22,Kelle,Wilderman,2016-04-14,MXP,MXP
5235174483,KQ,313,BSLA50,Javier,Collins,2016-05-04,MUC,SFO
2759385720,AM,AB6,YLWG03,Kim,Auer,2016-07-07,MXP,BOM
7759272270,ME,ATR,HAXN54,Kenton,O'Kon,2015-12-06,PEK,MUC
3473880865,ME,ER4,RJUF24,Kent,Ward,2016-01-12,SFO,GIG
1511771565,VN,321,PWMB86,Bradly,Fadel,2016-07-24,GIG,HNL
4261978010,CI,ER4,ACVW11,Yanira,Stokes,2016-06-05,DEL,SEA
3563539213,UX,733,OBAL16,Milly,Homenick,2016-02-15,MUC,BOM
9582155825,AF,343,SKVG94,Margert,Kuphal,2016-09-14,SEA,PEK
1323061297,UX,M90,GIES28,Yong,Macejkovic,2016-02-07,SEA,SEA
6094747320,MU,EQV,BJFS33,Sanford,Dach,2016-06-11,DXB,BOM
2515773211,AF,AT5,JOZA35,Rupert,Flatley,2015-10-17,HNL,GIG
5918785287,VN,E70,SHJB48,Gertha,Abbott,2016-06-10,SFO,MUC
5318978776,VN,321,QVEU95,Franklin,Kertzmann,2015-12-12,DEL,BOM
2376638866,VN,73W,GLNX89,Joshua,Gislason,2016-07-16,DEL,DEL
4156964243,KE,M90,EQWX14,Chas,Auer,2016-02-09,DEL,MUC
7140871226,OK,SF3,QLZG26,Shala,Carroll,2016-08-27,DEL,SFO
8819393584,UX,313,PJKR63,Marybeth,Volkman,2016-07-28,GIG,HNL
2959006295,ME,737,XYOM62,Stephnie,Macejkovic,2015-10-17,PEK,GIG
6879606110,AM,74M,QFYK70,Perry,Emmerich,2015-12-26,MXP,SFO
1311794931,OK,SF3,XJSA00,Nereida,McCullough,2016-05-23,HNL,GIG
5697741151,KE,772,OPCW06,Earle,Rice,2015-11-23,MUC,DEL
